Company Name,Website,Company Description,Industry,Founder Name,Founder LinkedIn ,Founded,Team Size,Location,Socials
Raycaster,https://raycaster.ai,Raycaster helps companies sell complex technical products by surfacing hidden insights about their prospects. Our customers use us to automatically uncover everything from lab equipment specifications to API performance metrics - research that traditionally took weeks of manual digging.,Research and Sales Intelligence,"Levi Lian, Anthony Humay","https://linkedin.com/in/levi-lian, https://linkedin.com/in/ahumay",2024,2,"San Francisco, CA, US / New York, NY, US / Remote",https://www.linkedin.com/company/raycasterai
Sunset,https://www.sunsetapp.com/,"Sunset can track down bank accounts, retirement accounts, investment accounts, property and more for families after losing a loved one. Sunset will close those accounts and move the money into a Sunset estate account to manage.","fintech, consumer-finance","Stephen Walter, Kaela Worthen","https://www.linkedin.com/in/stephen-walter-sunset/, https://www.linkedin.com/in/kaelaworthen/",2024,2,N/A,https://x.com/SunsetEstateApp
ArchiLabs,https://archilabs.ai,"ArchiLabs is building an AI co-pilot for architecture that allows architects to 10x their design speed with simple AI prompts, automating tedious tasks in CAD tools.","artificial intelligence, saas, construction, b2b, proptech","Brian Bakerman, William Meng","https://linkedin.com/in/brianbakerman, https://linkedin.com/in/william-meng/",2024,2,"San Francisco, CA, US",https://www.linkedin.com/company/archilabs-ai/
HealthSpark,https://www.joinhealthspark.com,"HealthSpark empowers physical therapists to launch and run an AI-native independent practice by automating admin tasks like insurance, scheduling, handling calls and texts, and charting.","artificial-intelligence, health-tech, digital-health, healthcare, ai","Stephen Grinich, Jonah Tuchow","https://www.linkedin.com/in/stephengrinich, https://www.linkedin.com/in/jonah-tuchow-3302628a/",2024,2,San Francisco,https://www.linkedin.com/company/health-spark
Pearson Labs,http://www.pearsonlabs.ai,"AI agents to automate corporate transactions. Pearson builds AI agents to automate corporate transactions. Large law firms use us to run gigantic books of businesses with AI, reducing their cost of delivery 40-60%.","generative-ai, legal, legaltech, ai","Stephanie Young, Qi Yang","https://www.linkedin.com/in/stephanieyoung1/, https://www.linkedin.com/in/qi-yang-mit/",2024,2,San Francisco,https://www.linkedin.com/in/stephanieyoung1/
Sphinx,https://sphinxlabs.ai/,"Sphinx automates the manual work of compliance analysts. Our AI agents make AML decisions, helping banks and fintech eliminate onboarding bottlenecks.","Fintech, B2B, Compliance, AI","Alexandre Berkovic, Chrisjan Wust","https://linkedin.com/in/alexandreberkovic, https://linkedin.com/in/chrisjan-wust",2024,2,San Francisco,https://linkedin.com/company/sphinx-hq
fixa,https://www.fixa.dev,"Fixa is the Sentry for AI voice agents. It helps companies like 11x and OfOne run simulated tests, analyze production calls, and fix bugs in their voice agents automatically, providing developers with precise and actionable insights.","AI, AI Assistant","Oliver Wendell-Braly, Jonathan Liu","https://www.linkedin.com/in/oliverbraly/, https://linkedin.com/in/jonathan-z-liu",2024,2,San Francisco,https://www.linkedin.com/company/fixadev
HumanLayer,https://humanlayer.dev,"HumanLayer is an API that enables AI applications to contact humans for help, feedback, and approvals, designed for managing complex workflows.",AI,Dexter Horthy,https://linkedin.com/in/dexterihorthy,2023,1,"San Francisco, CA, US",https://twitter.com/humanlayer_dev
SRE.ai,https://sre.ai,"SRE.ai provides AI Agents to power Low-Code DevOps for Low-Code Platforms like Salesforce, SAP, NetSuite, etc.","developer-tools, b2b, devops, infrastructure, ai","Raj Kadiyala, Edward Aryee","https://www.linkedin.com/in/rajsekhark/, https://www.linkedin.com/in/edwardaryee/",2024,N/A,San Francisco,https://www.linkedin.com/company/sreai
Fabricate,https://www.tryfabricate.com,"Fabricate builds procurement software for hardware teams, helping engineers manage manufacturing feasibility and procurement across their suppliers, whether they're getting parts custom manufactured or buying them off-the-shelf.","artificial-intelligence, b2b, manufacturing","Lucas Crupi, Ethan Breit","https://linkedin.com/in/lucas-crupi-4a7037177, https://linkedin.com/in/ethan-breit-a7ba81180",2024,2,N/A,https://www.tryfabricate.com
Fix AI,https://tryfix.ai,AI agents that navigate websites like real users to find bugs,"artificial-intelligence, developer-tools, ai","Arav Seth, Kesav Kosana","https://www.linkedin.com/in/aravseth, https://linkedin.com/in/kesavkosana",2024,2,San Francisco,https://linkedin.com/in/aravseth
Lightscreen AI,https://lightscreen.ai,"Lightscreen’s voice + video AI interviewer enables companies to identify and invest in genuinely skilled candidates. It's already being used by high-growth startups and recruiting agencies to screen technical candidates. We provide companies with a voicebot that can run a full-length technical interview, does smart interruptions, and multi-modal cheating detection. The AI provides the company rubric-based, rich candidate evaluation in minutes and can be fully customized to ask questions and evaluate based on the company's needs.","artificial-intelligence, saas, recruiting, talent-acquisition, conversational-ai","Prachie Banthia, Gavin Saldanha","https://www.linkedin.com/in/prachiebanthia/, https://www.linkedin.com/in/gavin-v-saldanha/",2024,2,"Sunnyvale, CA",https://www.linkedin.com/company/103745353
Upshift,https://upshift.dev,"Upshift is tooling for plugin systems. We help product companies support extension points, which enable them and their users to build and share additional functionality on top of their core product offerings. Extensibility with Upshift drives more sales, better retention, and compounds value over time. Up until now, only the biggest companies have had the resources to build these types of systems because it can take years and massive upfront engineering investment to ship something. We cut the time-to-production down to weeks.","Developer Tools, SaaS, B2B","Adam Suskin, Thomas Baker","https://www.linkedin.com/in/adamsuskin/, https://www.linkedin.com/in/thomas-baker-457789129/",2024,2,"Charlotte, NC",https://www.linkedin.com/company/upshift-dev/
Durate,https://www.durate.com/,We build automated scheduling software for hospitals,"saas, healthcare, healthcare-it","Michael Mounajjed, Benjamin Liu","https://www.linkedin.com/in/michael-mounajjed, https://www.linkedin.com/in/ben-franklin-liu/",2024,3,N/A,https://www.linkedin.com/company/docflowsoftware
Diffusion Studio,https://diffusion.studio/,"Diffusion Studio is an AI-powered video editing application that automates repetitive editing tasks right in the browser, allowing anyone to import video footage and generate publish-ready videos.","artificial-intelligence, consumer, video, media, ai","Konstantin Paulus, Matthias Ruiz","https://www.linkedin.com/in/konstantin-paulus, https://www.linkedin.com/in/matthias-ruiz-hamacher-769766176/",2023,2,San Francisco,https://linkedin.com/company/diffusionstudio
Symphony,https://getsymphony.co,"Symphony helps enterprises train their customer-facing employees using interactive AI voice simulations of real-world scenarios, allowing teams to practice their jobs and avoid costly mistakes with real customers.","artificial-intelligence, saas, b2b, hr-tech","Murtaza Ali, Shobhit Srivastava","https://www.linkedin.com/in/-murtazaali/, https://linkedin.com/in/shobhit-srivastava",2024,2,New York,https://www.linkedin.com/company/talk-to-symphony/
Regatta Storage,https://regattastorage.com,"Regatta transforms S3 buckets into a 30x faster, unlimited, local disk. Regatta enables AI, analytics, and serverless applications to instantly access massive data sets without waiting for data transfer.","developer-tools, big-data, cloud-computing, infrastructure, ai",Hunter Leath,https://www.linkedin.com/in/hleath/,2024,2,San Francisco,https://www.linkedin.com/company/regatta-storage
vly.ai,https://vly.ai,"vly.ai completely replaces the full-stack developer for companies. We combine the highest-ranking swe-bench agent with a no-code platform to eliminate the developer layer and automate the deployment, hosting, & scaling of production applications.","artificial-intelligence, saas, enterprise-software, web-development","Victor Cheng, Manav Bokinala","https://www.linkedin.com/in/victor-cheng-89a161180/, https://www.linkedin.com/in/mbokinala/",2024,2,San Francisco,https://linkedin.com/company/vly-ai
Ryvn,https://ryvn.ai,"Deploy, update, and monitor applications in customer clouds / on-prem","aiops, developer-tools, saas, devops, infrastructure","Albert Lam, Shardool Patel","https://www.linkedin.com/in/simplyalam/, https://www.linkedin.com/in/sp97/",2024,2,San Francisco,https://www.linkedin.com/company/105480942/
Replexica,https://replexica.com/,"Replexica automates the localization process end-to-end. It produces authentic translations instantly and eliminates translation management and manual work. Our AI generates pull requests with translations when developers commit UI code changes, avoiding the typical back-and-forth with translation agencies. This helps teams do localization 100x faster, ship to production more often, without bottlenecks.","developer-tools, b2b, open-source, international, ai","Max Prilutskiy, Veronica Prilutskaya","https://www.linkedin.com/in/maxprilutskiy, https://www.linkedin.com/in/vrcprl/",2024,2,San Francisco,https://www.linkedin.com/in/maxprilutskiy
Gecko Security,https://gecko.security,"Gecko uses AI to understand how your application should work, simulates relevant attacks to find critical vulnerabilities, and verifies these vulnerabilities by exploiting them. It also helps you understand the risk of these vulnerabilities and applies a working fix to keep your code secure.","artificial-intelligence, saas, b2b, security, cybersecurity","Jeevan Jutla, Artemiy Malyshau","https://www.linkedin.com/in/jeevan-jutla/, https://www.linkedin.com/in/artemiy-malyshau/",2024,2,San Francisco,https://www.linkedin.com/company/geckosec
OpenFunnel,https://openfunnel.dev,"OpenFunnel builds personalized AI Agents for GTM teams that understand their product, find prospects showing intent, and greatly enhance meetings booked, particularly for B2B SaaS companies.","generative-ai, b2b","Fenil Suchak, Aditya Lahiri","https://linkedin.com/in/fenilsuchak, https://www.linkedin.com/in/adityalahiri/",2024,2,San Francisco,https://x.com/openfunnel
Curo,https://www.curocharging.com/,"Curo enables electric vehicle fleets to lease EV chargers, allowing EV charger owners to increase their revenue while providing fleets with the ability to electrify instantly at a fraction of the cost.","transportation, energy, automotive","Kieran White, Andrew Porter","https://linkedin.com/in/kieran-luke-white, https://linkedin.com/in/andrew--porter/",2023,6,San Francisco,https://www.linkedin.com/company/curocharging/
Vespper,https://vespper.com,"AI agent that troubleshoots production alerts for software engineers, helping teams reduce downtime and alert fatigue by surfacing the right data at the right time.","aiops, developer-tools, b2b, devops, ai-assistant","Topaz Turkenitz, Dudu Lasry","https://linkedin.com/in/topaz-t, https://linkedin.com/in/dudu-lasry-05022879",2024,2,"Tel Aviv-Yafo, Israel",https://www.linkedin.com/company/vespper
CTGT,https://www.ctgt.ai/,"CTGT is building the next evolution of AI, towards intelligence that is foundationally designed to be efficient and trustworthy. Our enterprise-grade platform prevents AI hallucinations and errors in real-time while maximizing ROI.","Artificial Intelligence, Deep Learning, SaaS, B2B, Enterprise","Cyril Gorlla, Trevor Tuttle","https://www.linkedin.com/in/cyrilgorlla/,https://linkedin.com/in/trevor-j-tuttle",2023,2,San Francisco,https://twitter.com/CTGTInc
Summed AI,https://summed.ai,"Summed AI is an AI assistant that digs up accurate Medicare policy details for you 90% faster, so you can enroll your clients quicker with fewer compliance dings.","insurance, ai, b2b","Tyler Rich, Kevin Bao, Sherril Wang","https://www.linkedin.com/in/tylerrich, https://www.linkedin.com/in/kevin-bao/, https://www.linkedin.com/in/sherrilwang",2024,3,"Seattle, WA",https://www.linkedin.com/company/summed-ai/
BeerMe,https://beerme.world/,"BeerMe is a digital wallet for USDC. It’s like Venmo or Cash App, but we use stablecoins to make sending money instant, global, and free.","crypto-web3, payments, consumer, messaging, social-media","Gray Newfield, Noah Newfield","https://www.linkedin.com/in/gray-newfield-447b9b111/, https://www.linkedin.com/in/noah-newfield-208a40129/",2024,2,New York,https://x.com/BeerMeWorld
Canvas,https://www.canvas.inc/,"Canvas is the AI-copilot for enterprise customer success teams. By automatically surfacing and addressing the most critical risks and growth opportunities, we transform CSMs from reactive support managers into proactive growth drivers.","saas, customer-success, analytics, enterprise, ai",Essam Sleiman,https://www.linkedin.com/in/essam-sleiman-4253b1128,2024,3,San Francisco,https://www.linkedin.com/company/canvasai/
Dexter,https://www.getdexter.co/,"AI workflow automation for field operations. Dexter is the AI workflow automation tool for field operations. With Dexter, customers reduce traffic fines, automate van management, and run asset recovery.","saas, b2b, workflow-automation, automation, operations","Bella Wu, Vincent Garrigues, Caterina Kiehntopf","https://linkedin.com/in/bellacwu, https://www.linkedin.com/in/garriguv/, https://www.linkedin.com/in/caterina-kiehntopf-58a6aa34/",2024,3,"Berlin, Germany",https://www.linkedin.com/company/getdexter
Chorrie,https://chorrie.com,Chorrie is a no-code platform that puts AI in the hands of medical billing teams to prevent denied and under-billed insurance claims. The platform empowers billing teams to turn their manual claim QA into automated correctness checks.,"healthcare, generative-ai, saas, b2b, billing","Christopher Schlaepfer, Jorrie Brettin","https://www.linkedin.com/in/cschlaep/, https://www.linkedin.com/in/jorrie-brettin-349a6383/",2024,2,New York,https://www.linkedin.com/company/chorrie
OpenClinic,https://www.openclinic.com,"OpenClinic is a platform that makes it easy for any doctor or hospital to open their own digital clinic. Our AI assistant takes a comprehensive medical history using an empathic voice-based interface, uses sophisticated medical reasoning to narrow down likely diagnoses, and produces evidence-based treatment suggestions for each patient.","health-tech, digital-health, healthcare","Riyan Moussaoui, Nabil Belahouane, Hassan Mirza, Usama Syed","https://www.linkedin.com/in/riyan-moussaoui-md-b435a914b/, https://www.linkedin.com/in/nabil-belahouane, https://www.linkedin.com/in/hassanmirzamd/, https://www.linkedin.com/in/usama-syed-419b0078/",2024,4,San Francisco,https://www.linkedin.com/in/usama-syed-419b0078/
Praxis AI,https://praxis-tech.ai,"Manufacturing reasoning agents to predict and prevent machine failures, building manufacturing specific agents capable of reasoning and processing complex situations. Our engineering copilot predicts and prevents machine failures in real time.","artificial-intelligence, iot, manufacturing, data-science, ai-assistant","Aditya Tewari, Ransika Liyanage","https://www.linkedin.com/in/adityatewari/, https://www.linkedin.com/in/ransika-liyanage-2415b9a5/",2024,2,New York,https://praxis-tech.ai
Lune AI,https://www.lune.dev/,A replacement to standard LLMs for coding tasks - eliminate hallucinations with a marketplace of expert LLMs trained on hundreds of technical topics.,"developer-tools, ai, ai-assistant","Sam Park, Josh Park","https://www.linkedin.com/in/samuel-park04/, https://www.linkedin.com/in/josh-park-a26561279",2024,2,San Francisco,https://www.linkedin.com/company/lune-ai/
AutoComputer,https://www.autocomputer.ai/,AutoComputer is a desktop robotic process automation system that automates tedious tasks such as financial data entry by performing all the clicks and keystrokes.,"deep-learning, b2b, enterprise, automation, ai","Madhav Singhal, Rick Sugden","https://www.linkedin.com/in/ms337/, https://www.linkedin.com/in/rick-sugden-4a427b180/",2024,2,San Francisco,https://twitter.com/madhavsinghal_
Karmen,https://www.karmenai.com,"Karmen is an AI assistant for construction project managers, helping them save time by automating admin tasks like invoice approvals, RFI management, and change order tracking. It integrates with emails, project management software, and ERPs to automate administrative tasks.","machine-learning, construction, ai-assistant","Jonas Ebrahimi, Naman Wahi","https://linkedin.com/in/aabrbaskfna, https://linkedin.com/in/naman-wahi/",2024,2,San Francisco,https://www.karmenai.com
Aditto,https://aditto.co,Aditto lets you launch and manage AI generated ads and landing pages at scale. Founders and executives use Aditto to do the work of a whole search engine marketing team in minutes.,"artificial intelligence, marketing, advertising","Will Jack, Keller Maloney","https://www.linkedin.com/in/willjack, https://www.linkedin.com/in/keller-maloney-130856187/",2024,2,San Francisco,https://www.linkedin.com/company/104397499/
Coblocks,https://coblocks.ai,"Coblocks is a thoughtfully-designed data platform that helps teams write queries and automate workflows faster. We understand the columns, tables, and relationships in your data and use them to help anyone on your team build pipelines with AI, SQL and Python.","Artificial Intelligence, Analytics, Data Science, Big Data, Data Engineering","Kevin Schaich, Nisola Shobayo","https://www.linkedin.com/in/kevinschaich/, https://www.linkedin.com/in/nisola-shobayo-581552111/",2024,2,New York,https://www.linkedin.com/company/coblocks
Revyl,https://www.revyl.ai,Revyl is an observability platform that automatically catches and triages bugs before they reach production.,"artificial-intelligence, developer-tools, b2b, infrastructure","Landseer Enga, Anam Hira","https://linkedin.com/in/landseerenga, https://linkedin.com/in/anam-h-5b37a2125",2024,3,San Francisco,https://x.com/tryrevyl
Helpcare AI,https://helpcare.ai,"Helpcare builds AI Workers for healthcare orgs to take on coordination burden from staff and reduce time of care by autonomously identifying and outreaching patients (through phone, text, email, & mail) to schedule visits, book screenings, complete pre-post, and onboard. These agents require no integration, can navigate all tools, speak 29 languages, come with 50+ outreach scripts and have a remarkable 80% conversation-to-booking closing rate.","healthcare, ai","Huzaifa Sial, Ayush Tomar","https://www.linkedin.com/in/hsial/, https://www.linkedin.com/in/ayushtomar",2024,N/A,San Francisco,https://helpcare.ai
Bramble,https://usebramble.com,"Bramble is a video-first search platform for real estate, powered by AI. It helps agents auto-generate beautiful video listings and helps buyers search videos of homes for what they actually care about, like natural light or a big yard. We launched 2 months ago as a flat-rate real estate brokerage. We now have 6 accepted offers and have learned that lead generation is the biggest problem in real estate. By helping agents market their listings with videos and allowing buyers to find homes visually, we will disrupt property search sites like Zillow.","artificial-intelligence, real-estate, consumer, proptech, consumer-products","Nimesh Chakravarthi, Daniel Hsu, Deepan Mehta","https://linkedin.com/in/nimesh-chakravarthi-68238749, https://www.linkedin.com/in/dannyighsu, https://linkedin.com/in/deepanmehta",2024,3,San Francisco,https://linkedin.com/company/usebramble/
Relvy AI,https://www.relvy.ai,"Efficient AI for monitoring production software that does 24x7 monitoring of production software logs to both discover and debug issues, using custom LLMs that are 200x cheaper than frontier models.","developer-tools, saas, b2b, devops, ai","Bharath Bhat, Simranjit Singh","https://linkedin.com/in/bharathpbhat, https://linkedin.com/in/simranjit2112",2024,3,N/A,https://linkedin.com/in/bharathpbhat
Ember Copilot,https://www.embercopilot.ai,"The only medical scribe that reduces claim denials by 55%. Ember tackles inefficiency in clinical documentation and revenue cycle management, combining ambient listening technology with a deep understanding of medical billing requirements.",Healthcare / AI,"Charlene Wang, Warren Wang","https://linkedin.com/in/hsinleiwang, https://linkedin.com/in/warrenweinwang",2024,2,San Francisco,https://twitter.com/embercopilotAI
Friday,https://www.fridaymail.ai,"An assistant that understands your emails and handles them for you. Friday builds an assistant that learns how to predict the action that you will take on your emails and does it for you, completely eliminating the need to check those emails.","artificial-intelligence, productivity, email, ai-assistant","Allen Naliath, Advait Paliwal","https://www.linkedin.com/in/allennaliath/, https://linkedin.com/in/advaitpaliwal",2024,2,San Francisco,https://www.linkedin.com/company/fridaymail/
StudyDojo,https://studydojo.com,"StudyDojo is building the AI study platform students actually obsess over. We use AI to transform familiar study tools - question banks, study notes, mini-lessons - into personalized learning experiences that adapt to each student, tailored to their curriculum.","Education, AI","Bowen Liu, Janet Liu, Michael Tong","https://www.linkedin.com/in/bowen-liu/, https://linkedin.com/in/janetwkliu, https://linkedin.com/in/michaelytong",2023,5,N/A,N/A
ISSEN,https://issen.com,"ISSEN is an AI conversational language app that helps you become fluent. Your on-demand voice tutor is personal to you, adapting lessons and chats to your particular interests, learning style, and goals.","education, generative-ai, consumer, ai","Anton Apostolatos, Mariano Sorgente","https://www.linkedin.com/in/antonaf, https://www.linkedin.com/in/sorgente",2024,2,New York,https://www.linkedin.com/company/105774803/
Scrapybara,https://scrapybara.com,"Scrapybara provides virtual computer environments for AI agents. We deploy, scale, and maintain remote desktop instances that agents can interact with via an API.","Artificial Intelligence, Developer Tools, API, Infrastructure","Nalin Semwal, Justin Sun","https://www.linkedin.com/in/nsemwal, https://linkedin.com/in/justinsunyt",2024,2,San Francisco,https://twitter.com/scrapybara
Cekura,https://www.cekura.io,Cekura is an AI web agent that ensures SaaS product documentation stays up-to-date. We help knowledge and customer success teams save 100+ hours per week.,"artificial-intelligence, customer-success, customer-support, enterprise, automation","Jialiang (JZ) Zhou, Blake Shao","https://www.linkedin.com/in/jialiang-zhou, https://www.linkedin.com/in/blake-shao-46597b21b/",2024,2,N/A,https://twitter.com/jz2letters
Andoria,https://andoria.ai/,"Andoria is an AI web agent that generates in-app walkthroughs for software companies. The AI agent learns how your web application works, gathers data about your user (e.g. background & goal), and generates a custom walkthrough whenever a user needs help. When a user gets stuck, Andoria can step in, and show them exactly what to do by performing such actions. Andoria’s goal is to bring each user to 'activation' from day 1. The best part: setup is only pasting a script tag into your HTML & Andoria takes it from there.","artificial-intelligence, generative-ai, b2b, customer-support, ml","Daryl Budiman, Anirudh Ramprasad","https://www.linkedin.com/in/dbudiman/, https://www.linkedin.com/in/anirudh-ramprasad-7aa7b8215/",2024,2,San Francisco,https://www.linkedin.com/company/andoriaai/
Consus,https://www.consusindustries.co/,"Consus is your single source of truth for government specifications, standards, or handbooks. We verify the active revision of documents, notify you when documents are updated, and make it easy to extract the relevant information.",Government Technology,Eric Magliarditi,https://www.linkedin.com/in/ericmagliarditi/,2024,1,"San Francisco, CA, US / Los Angeles, CA, US / Remote (CA, US)",https://www.linkedin.com/company/consusindustries
Codebuff,https://codebuff.com,The CLI tool that writes code for you,"developer-tools, generative-ai, enterprise-software, ai","James Grugett, Brandon Chen","https://www.linkedin.com/in/james-grugett, https://www.linkedin.com/in/brandon-chen-37b95910a/",2024,2,San Francisco,https://x.com/codebuffai
Alex,https://alexcodes.app,"Alex is a sidebar app that works directly with Xcode, providing features like AI code generation and fast interaction to enhance the iOS development experience.",Software Development,Daniel Edrisian,https://www.linkedin.com/in/daniel-edrisian/,2024,1,"San Francisco, CA, US",https://alexcodes.app
Moonshine,https://usemoonshine.com,APIs for video understanding,"machine-learning, video, media","Ganesh Pimpale, Harsha Gundala","https://www.linkedin.com/in/ganesh-pimpale-864248155/, https://linkedin.com/in/harshagundala",2024,2,San Francisco,https://www.linkedin.com/company/usemoonshine
Riveter AI,https://www.riveterhq.com/,"Riveter is the copilot for corporate strategy. We help growth stage companies like Gusto accelerate strategic decision making, using deep market research and analysis. Riveter's analysis includes extraction and segmentation of data from 10-Ks, Investor Day decks, and other official sources.","Artificial Intelligence, B2B, Analytics, Market Research, AI","Abigail Grills, Erica Clark","https://www.linkedin.com/in/abigailgrills/, https://www.linkedin.com/in/clarkerican/",2024,2,San Francisco,https://www.linkedin.com/company/riveter-hq/
Tiny,https://andtiny.com,"A new kind of ERP system for factories where AI agents automate repetitive workflows, aimed to help factories relying on Excel.","saas, b2b, workflow-automation, manufacturing, enterprise-software","Louis de Valliere, Edward Zhang","https://www.linkedin.com/in/ldevalliere/, https://www.linkedin.com/in/edward-zhang-14685828/",2024,3,"Singapore, Singapore",https://www.linkedin.com/company/and-tiny
Bifrost Orbital,https://bifrostorbital.com/,"At Bifrost Orbital, we're building the future of satellite connectivity. Our mission is to eliminate communication blackouts and dead spots in orbit by providing an always-on, continuous connectivity service for satellites and other spacecraft in low Earth orbit. We're building an optical relay network of satellites to provide 24/7 uplink and downlink support to other satellites in orbit, with increased uptime and higher data rates for TT&C and more.","satellites, aerospace, telecommunications","Onkar Singh, Geffen Avraham","https://www.linkedin.com/in/ionkarbatra/, https://www.linkedin.com/in/geffen-avraham/",2024,2,San Francisco,https://x.com/bifrostorbital/
Vocera,https://www.vocera.ai/,"Vocera is a solution that automates the testing process for AI voice agents. It provides capabilities to prove reliability before going live, test updates seamlessly, and scale operations efficiently by replicating real-world conversations using workflows and personas.",AI Voice Agents,"Tarush Agarwal, Shashij Gupta, Sidhant Kabra","https://www.linkedin.com/in/tarush-agarwal-b14851160/,https://linkedin.com/in/shashij-gupta-671aa614a,https://www.linkedin.com/in/sidhantkabra",2024,3,N/A,https://x.com/VoceraAI
Asha Health,https://asha.health,"Asha Health enables medical practices to launch their own AI clinic, designed to fill crucial care gaps that their brick & mortar clinics are too overburdened to address — all while generating additional revenue on autopilot.","health-tech, healthcare, ai","Akkshay Khoslaa, Gokul Kumarresen","https://www.linkedin.com/in/akkshay/, https://www.linkedin.com/in/gokul-kumarresen/",2024,2,New York,https://www.linkedin.com/company/asha-health-ai/
Revi,https://www.revi.ai/,"Revi helps Investment Banks, PE firms, and Corporate Development teams source new deals using agentic workflows to replicate their end-to-end deal origination process, entirely removing the trade-off between precision and scalability.",AI-enabled M&A deal origination,"Max Nuyen, Benjamin McKinzey","https://www.linkedin.com/in/max-nuyen-460851129/, https://www.linkedin.com/in/benjamin-mckinzey-19952a25b/",2023,10,"New York, NY, US",https://www.linkedin.com/company/revi-ai
Circlemind,https://circlemind.co,Circlemind is an open-source RAG using knowledge graphs and PageRank.,"artificial-intelligence, deep-learning, developer-tools, generative-ai, saas","Antonio Vespoli, Luca Pinchetti, Yuhang Song","https://www.linkedin.com/in/antonio-vespoli-895727121/, https://www.linkedin.com/in/luca-pinchetti-414230222/, https://www.linkedin.com/in/yuhang-song/",2024,3,N/A,N/A
HYBRD,https://www.hybrd.app/,HYBRD is Strava for modern athletes who do more than just cardio. It brings all your training data together by integrating with top wearables and uses AI to make tracking weightlifting easy.,"consumer, fitness, social, digital-health, ai","Ben Katz, Matt Ruiters, Caroline ""Shoe"" Shoemaker, Mats Terwiesch","https://www.linkedin.com/in/benjaminlkatz/, https://www.linkedin.com/in/matthew-c-ruiters/, https://www.linkedin.com/in/shoe-shoemaker/, https://www.linkedin.com/in/mats-terwiesch/",2024,4,Boston,https://www.linkedin.com/company/hybrd-do-hard-things/
PermitPortal,https://permitportalapp.com/,"AI Operating System for Pre-construction. We are building workflows to help developers go from finding and closing development sites to getting a building permit faster. PermitPortal accelerates the most critical parts of the pre-construction phase: finding the right sites, understanding entitlements and navigating local development sentiment.","real-estate, construction, ai","Radu Mazilu, Alexandru Enache","https://www.linkedin.com/in/rgmazilu/, https://linkedin.com/in/alexandru-enache",2024,2,San Francisco,https://www.linkedin.com/company/permitportal/
Sandra AI,https://www.sandra-ai.com,"Building AI employees for car dealers, starting with AI receptionists.","automotive, ai-assistant","Badr El Idrissi Mokdad, Ismail Majjad, Skandere Sahli","https://www.linkedin.com/in/badr-el-idrissi-mokdad-a36336177/, https://linkedin.com/in/ismailmajjad, https://linkedin.com/in/skand%C3%A8re-sahli-8a152616b",2024,3,"Paris, France",https://www.linkedin.com/company/sandra-ai/
CollectWise,https://collectwise.com/,Automating consumer debt collection with AI,Fintech,"Sean OBrien, Vivek Isukapalli","https://linkedin.com/in/sean-o-brien-412b28175, https://linkedin.com/in/vivek-isukapalli-56597a28b",2024,2,N/A,N/A
ShowAndTell,https://www.tryshowandtell.com,"ShowAndTell creates AI agents for dental patient operations. Our agents educate patients, boost case acceptance, and build lasting trust. We enable dental staff to focus on patient care rather than patient operations.","generative-ai, health-tech, dental, ai","Daniel Bessonov, Justin Zhou","https://www.linkedin.com/in/dbessonov/, https://linkedin.com/in/2018jzhou",2024,2,San Francisco,https://www.tryshowandtell.com
Abundant,https://www.abundant.ai/,"Abundant powers reliable and safe AI deployment with real-time human expertise. Our network of specialized operators works alongside AI agents to handle complex edge cases, maintain rigorous safety standards, and generate high-quality training data that continuously improves AI performance.","AI, developer-tools, recruiting, collaboration, aiops","Jesse Hu, Meji Abidoye, Ke Huang","https://www.linkedin.com/in/jessehu, https://www.linkedin.com/in/meji-abidoye/, https://www.linkedin.com/in/kehuangsf",2024,3,San Francisco,https://www.linkedin.com/company/abundant-ai/
Innate,https://innate.bot,"Innate is developing innately intelligent teachable general-purpose robots. Our platforms are simple, accessible, so as to lower the barrier to entry into robotics for everyone.","generative-ai, hard-tech, robotics, consumer, ai-assistant","Axel Peytavin, Vignesh Anand","https://www.linkedin.com/in/axel-peytavin, https://www.linkedin.com/in/vignesh-anand-iitb/",2024,2,Palo Alto,https://x.com/innate_bot
Reticular,https://reticular.ai,"Interpretable AI for drug discovery, helping pharma companies discover drugs with AI models like AlphaFold by making them steerable and interpretable.","AI, Drug Discovery, Biotech, Therapeutics","Nithin Parsan, John Yang","https://linkedin.com/in/nithin-parsan, https://linkedin.com/in/johnyang101",2024,2,San Francisco,https://linkedin.com/company/reticular-yc-f24/
Autumn,https://useautumn.com,Autumn is an abstraction layer between your database and Stripe that lets you build any pricing plan and control feature entitlement.,"saas, b2b, billing","Ayush Rodrigues, John Yeo","https://www.linkedin.com/in/ayrod, https://www.linkedin.com/in/johnyeocx",2024,2,N/A,N/A
supercontrast,https://supercontrast.com/,AI Copilot which empowers anyone to create and refine high quality designs and assets.,"machine-learning, design, design-tools","Carter McClellan, Shravan Kumaran","https://www.linkedin.com/in/carter-mcclellan/, https://www.linkedin.com/in/shravan-kumaran-7b2b80123/",2024,2,San Francisco,https://www.linkedin.com/company/supercontrast/?viewAsMember=true
Galini,https://www.galini.ai/,"Compliance guardrails-as-a-service for AI applications. Galini guardrails-as-a-service filter harmful inputs and outputs based on company policies and industry regulations, making it easy for enterprises to create, test, deploy, and refine guardrails. With Galini, product and engineering leaders know their AI apps are compliant at run-time, saving $1-10M in costs from avoiding in-house builds.","artificial intelligence, saas, b2b, compliance, enterprise","Shaun Ayrton, Raul Zablah","https://www.linkedin.com/in/shaun-ayrton/, https://www.linkedin.com/in/raulzablah",2024,2,San Francisco,https://www.linkedin.com/company/galini-ai/
Leeroo,https://www.leeroo.com/,"Leeroo empowers developers and organizations to turn complex workflows and ideas into production-ready AI systems. Our platform enables the creation of end-to-end trainable Compound Models that combine pre-trained models, tools, and data seamlessly. Not only do we automate model building but also automate the integration of tools and data sources, accelerating the journey from concept to deployment. By abstracting complexity, we allow users to focus on solving problems, not building infrastructure, and deliver scalable, customizable, and fully private solutions.",artificial-intelligence,"Alireza Mohammadshahi, Arshad Shaikh, Majid Yazdani","https://www.linkedin.com/in/alireza-mohammadshahi/, https://www.linkedin.com/in/ars7, https://linkedin.com/in/majid-yazdani-a9032011",2024,3,N/A,https://twitter.com/alireza_mshi
Getcho,https://getcho.app/,"Getcho is a local delivery platform for high-value goods. We are building a high-reliability delivery network on top of high-volume, unreliable fleets, just like how TCP builds reliable end-to-end networking on top of an unreliable base network (IP).","delivery, logistics, e-commerce, retail-tech","Jack Considine, Mike Considine, Evandro Nadal","https://www.linkedin.com/in/johnpconsidine, https://www.linkedin.com/in/mike-considine-700172164, https://www.linkedin.com/in/evandronadal/",2022,3,New York,https://www.linkedin.com/company/getcho
Platus,https://www.platus.com,"Platus delivers fast, reliable legal infrastructure with a no-code platform and API, designed to support SMBs with instant access to notarization, legal drafting, e-signing, and workflow automations.","legaltech, ai, b2b, workflow-automation, compliance","Alexander Sporenberg, Felix Gerlach","https://www.linkedin.com/in/alexsporenberg/, https://www.linkedin.com/in/felixgerlach/",2024,0,N/A,https://linkedin.com/company/platus-inc
Roundabout Technologies,https://roundabout.tech,"Roundabout Technologies makes AI-powered traffic lights, allowing cities to reduce pedestrian deaths, improve traffic, and reduce resident complaints. The company uses computer vision and commodity traffic cameras to build a 3D map of intersections, optimizing traffic signals in real time.","hardware, saas, govtech, computer-vision, transportation","Collin Barnwell, Sabeek Pradhan","https://www.linkedin.com/in/collinbarnwell, https://www.linkedin.com/in/sabeek-pradhan-0135865a",2024,2,San Francisco,https://linkedin.com/company/roundabout-tech
Origami Agents,https://www.origami-agents.com,Agents that find your perfect customers,Sales Automation,"Finn Mallery, Kenson Chung","https://www.linkedin.com/in/finn-m/, https://www.linkedin.com/in/kenson-chung-837849230/",2024,2,N/A,https://x.com/fin465
PearAI,https://trypear.ai,The Open Source and Extendable AI Code Editor.,"developer-tools, open-source, culture, ai","Nang Ang, Duke Pan","https://linkedin.com/in/nathanang, https://linkedin.com/in/matthewdukepan",2024,2,San Francisco,https://x.com/trypearai
RiskCube,https://riskcube.com,"RiskCube is an AI-driven insurance broker for Property & Casualty (P&C) risks, helping businesses secure relevant insurance policies by identifying specific risks such as floods and hurricanes.","fintech, saas, b2b, insurance",Andrei Craciunescu,https://www.linkedin.com/in/andrei-craciunescu/,2024,2,San Francisco,https://www.linkedin.com/in/andrei-craciunescu/
Fresco,https://fresco-ai.com/,"Fresco helps construction superintendents take 1000s of pages of notes, 10x faster. We automate the process of completing progress notes and punch lists, reducing time requirements from hours to minutes.","construction, compliance, note-taking, ai-assistant","Arvind Veluvali, Akhil Gupta","https://linkedin.com/in/arvindveluvali, https://linkedin.com/in/akhil-climate",2024,2,San Francisco,https://linkedin.com/in/arvindveluvali
Forerunner AI,https://tryforerunner.com,"Copilot for aerospace engineers making rockets, munitions, satellites","artificial-intelligence, manufacturing, aerospace","Yash Kadadi, Will Nida","https://linkedin.com/in/yashkadadi, https://linkedin.com/in/william-nida",2024,2,San Francisco,https://linkedin.com/company/tryforerunner/
Crustdata,https://crustdata.com,"Crustdata provides live company and people data via APIs. We make hard to get data easy to use at scale and serve use cases like automatic pipeline building, pipeline prioritization, champion watching, company and people triggers for sales and marketing automation, investment deal sourcing.",B2B Data,"Abhilash Chowdhary, Manmohit Grewal, Chris Pisarski","https://linkedin.com/in/abhilash-chowdhary, https://www.linkedin.com/in/manmohitgrewal/, https://linkedin.com/in/chris-pisarski",N/A,8,"San Francisco, CA, US",https://twitter.com/thechowdhary
Gander,https://usegander.com,"Gander is bringing LLMs to the airline industry starting with customer service. Our first products help airlines automate the process of calculating compensation for flight disruptions and baggage issues, while our proactive voice agent calls customers to get them on a new flight when they are delayed or cancelled.","artificial-intelligence, saas, customer-support","Arjan Guglani, Andrew Dixon","https://www.linkedin.com/in/arjanguglani, https://www.linkedin.com/in/andrewdixon139/",2024,3,New York,https://www.linkedin.com/company/usegander
Keye,https://www.keye.co,"Keye is an AI software that lets private equity firms do due diligence for acquisitions faster and more accurately. Our customers can evaluate 10x more deals and fund better companies which leads directly to better returns/more alpha. Our system is the first of its kind to instantly generate complex, comprehensive data packs from raw data in any format, directly from the data room.","artificial-intelligence, finance, investing, enterprise-software","Rohan Parikh, Conor Brown, Lalit Lal","https://www.linkedin.com/in/parikhrohan/, https://www.linkedin.com/in/conor-brown-9a02849b/, https://www.linkedin.com/in/lalitlal",2024,3,New York,https://www.keye.co
Melder,https://melder.io,AI Data Integration for Supply Chain,"generative-ai, supply-chain, procurement, data-engineering, ai","Ashwin Dharne, Philip Brewer","https://www.linkedin.com/in/ashwindharne/, https://www.linkedin.com/in/philip-brewer/",2024,2,New York,https://www.linkedin.com/company/105488660/admin/dashboard/
Rulebase,https://rulebase.co,"AI agents for fraud detection and investigations. We build AI agents that protect fintechs and banks from account takeovers, impersonations, and phishing attacks, while also automating fraud investigations. Our AI agent gathers and analyzes all the necessary evidence, reducing the average investigation time from 30 minutes to just 2 minutes.","fraud-detection, fraud-prevention, finance, finops","Olaoluwa Gideon Ebose, Chidi Williams","https://linkedin.com/in/gideon-ebose-2a5187100, https://www.linkedin.com/in/chidiwilliams/",N/A,2,N/A,https://linkedin.com/in/gideon-ebose-2a5187100
Variant,https://variant.ai,"Variant is building the state-of-the-art model for software design. Our first milestone, icon generation, already surpasses existing approaches.","artificial-intelligence, developer-tools, design-tools, ai","Ben South Lee, Daniel Bulhosa Solórzano","https://www.linkedin.com/in/hoopla, https://www.linkedin.com/in/dbulhosa/",2024,2,San Francisco,https://www.linkedin.com/company/variantui/
Astrix Health,https://www.astrix.health,Astrix builds AI purchasing agents for healthcare providers. Astrix agents normalize and aggregate billions of data points on medical supply pricing allowing providers to make informed purchasing decisions.,"artificial-intelligence, machine-learning, healthcare, supply-chain","Abhinav Swaminathan, Thomas Blake","https://www.linkedin.com/in/abuswami/, https://www.linkedin.com/in/thomas-blake-abbba0151/",2024,2,New York,https://www.linkedin.com/company/astrix-health
Encore,https://www.shopencore.ai/,"Encore is your go-to online shopping assistant for finding secondhand treasures. Our conversational search platform makes it easy and fun to browse platforms like Depop, eBay, Grailed, and Poshmark—all in one place. Whether you’re after styling tips, honest reviews, trend ideas, or tracking down that cool piece you saw in a movie or on social media, we’ve got you covered.","artificial-intelligence, consumer, retail-tech","Alex Ruber, Parth Chopra","https://linkedin.com/in/alex-ruber, https://linkedin.com/in/parthematics",2024,2,San Francisco,https://www.linkedin.com/company/encore-ai-labs
Surge,https://surgemsg.com,"Surge is Stripe for telephony. Our team has experience building telephony software at billion dollar scale. Because of increased regulation, Twilio and other SMS APIs take weeks to onboard new customers, but we can get startups onboarded same day. Surge will win the market by enabling easy carrier registration and keeping customers with our higher level APIs and no code UI components. We have 11 paying customers so far, and our revenue is growing 58% month over month.","saas, api, no-code, sms, telecommunications","Dennis Beatty, Brett Beatty","https://linkedin.com/in/dnsbty, https://www.linkedin.com/in/brett-t-beatty",2024,2,"Lehi, UT",https://linkedin.com/in/dnsbty
Luthor,https://luthor.ai,"Luthor is an AI-powered copilot for marketing compliance that scans all your marketing content in real-time to flag risky language and suggest fixes, ensuring adherence to regulations from agencies like the FTC, FDA, and SEC.","Artificial Intelligence, B2B, Marketing","Glenn Espinosa, John Espinosa","https://www.linkedin.com/in/glennespinosa, https://www.linkedin.com/in/johnespinosa1988/",2024,2,"San Francisco, CA, US",https://www.linkedin.com/company/luthor
Synth,https://www.usesynth.ai,We help AI agents learn from data.,"Artificial Intelligence, Infrastructure, Reinforcement Learning",Josh Purtell,https://www.linkedin.com/in/joshua-purtell/,2024,2,San Francisco,https://x.com/JoshPurtell
Afternoon.co,https://afternoon.co,AI Bookkeeping and tax platform for ecommerce & startup founders.,saas,"Roman Zubenko, Benjamin Paik","https://www.linkedin.com/in/romanzubenko/, https://www.linkedin.com/in/benjaminpaik",2024,2,New York,https://twitter.com/romanzubenko
Foundry,https://www.thefoundryai.com/,"Foundry is the world model for your AI agent, empowering companies to build and productionize agents that automate entire workflows—like customer support, recruiting, and sales—and productionize them in minutes/hours, not weeks/months.","developer-tools, workflow-automation, no-code, automation, ai","Manil Lakabi, Pranav Raja","https://linkedin.com/in/manillakabi, https://www.linkedin.com/in/pranav-raja-590052182?utm_source=share&utm_campaign=share_via&utm_content=profile&utm_medium=ios_app",2024,2,San Francisco,https://www.thefoundryai.com/
Gait,https://getgait.com,"Gait is a Cursor and VS Code extension that will let you view the prompt that generated code, continue off of your coworker's conversations, and view analytics on your AI codegen use.","Developer Tools, AI","Alex Hsia, Kyle Li","https://www.linkedin.com/in/ahsia/, https://www.linkedin.com/in/kyleli626/",2024,2,San Francisco,https://www.linkedin.com/company/gaitinc/
Metreecs,https://www.metreecs.com,AI-powered demand forecasting for retail,"Artificial Intelligence, Machine Learning, Retail Tech","Martin Dimitrov, Elie Dufeu, Thibaut Pellegrin","https://www.linkedin.com/in/mardimitrov/, https://www.linkedin.com/in/elie-dufeu-goldenberg, https://www.linkedin.com/in/thibaut-pellegrin-0b4353171/",2024,3,"Paris, IDF, FR",https://www.linkedin.com/company/metreecs/
telli,https://telli.com/en/,"telli is building AI voice agents that convert leads into sales opportunities for B2C companies. It automates the role of a pre-sales agent, end to end, helping in industries such as energy, real estate, medical products, and home services.","artificial-intelligence, saas, b2b","Finn zur Muehlen, Philipp Baumanns, Seb Hapte-Selassie","https://www.linkedin.com/in/finnzurmuehlen/, https://www.linkedin.com/in/philipp-baumanns-a2986ab9/, https://www.linkedin.com/in/sebhs/",2024,5,"Berlin, Germany",https://www.linkedin.com/company/tellitechnologies/
Protegee,http://protegee.ai,Payments API for AI Voice Agents,"fintech, payments, infrastructure, trust-&-safety, ai","Kirthi Banothu, Xiaoyu Li","https://linkedin.com/in/kirthibanothu, https://linkedin.com/in/xiaoyuli240",2024,2,San Francisco,https://linkedin.com/company/protegee-ai/about/